<?xml version="1.0" encoding="UTF-8"?>
<project-private xmlns="http://www.netbeans.org/ns/project-private/1">
    <editor-bookmarks xmlns="http://www.netbeans.org/ns/editor-bookmarks/2" lastBookmarkId="0"/>
    <open-files xmlns="http://www.netbeans.org/ns/projectui-open-files/2">
        <group>
            <file>file:/C:/Users/SAKIB/Downloads/Memory-Game-In-Java-Source-Code/MatchingGame/src/game/MainFrame.java</file>
            <file>file:/C:/Users/SAKIB/Downloads/Memory-Game-In-Java-Source-Code/MatchingGame/src/game/Tile.java</file>
            <file>file:/C:/Users/SAKIB/Downloads/Memory-Game-In-Java-Source-Code/MatchingGame/src/game/MEMORY-GAME(20221092010-20221175010)</file>
            <file>file:/C:/Users/SAKIB/Downloads/Memory-Game-In-Java-Source-Code/MatchingGame/src/game/Sound.java</file>
        </group>
    </open-files>
</project-private>
